ID,Name
25749,Student 1
26134,Student 2
24156,Student 3
25651,Student 4
26842,Student 5
26906,Student 6
27680,Student 7
27699,Student 8
27702,Student 9
27609,Student 10
27712,Student 11
27717,Student 12
27721,Student 13
27726,Student 14
27728,Student 15
27741,Student 16
27844,Student 17
27889,Student 18
27916,Student 19
27939,Student 20
27955,Student 21
28054,Student 22
28091,Student 23
28122,Student 24
20575,Student 25
22991,Student 26
22992,Student 27
23829,Student 28
26768,Student 29
26794,Student 30
24045,Student 31
25010,Student 32
26400,Student 33
26797,Student 34
26845,Student 35
27278,Student 36
27295,Student 37
27722,Student 38
27723,Student 39
27747,Student 40
27833,Student 41
27853,Student 42
27891,Student 43
27947,Student 44
27956,Student 45
27957,Student 46
27986,Student 47
27998,Student 48
28036,Student 49
28078,Student 50
28080,Student 51
28082,Student 52
28139,Student 53
28154,Student 54
28185,Student 55
28203,Student 56
28213,Student 57
27216,Student 58
27752,Student 59
27212,Student 60
18586,Student 61
26146,Student 62
26470,Student 63
26760,Student 64
27546,Student 65
27566,Student 66
27610,Student 67
27640,Student 68
27677,Student 69
27679,Student 70
27711,Student 71
27727,Student 72
27731,Student 73
27835,Student 74
27919,Student 75
27958,Student 76
28066,Student 77
28081,Student 78
28088,Student 79
28123,Student 80
28184,Student 81
28214,Student 82
27715,Student 83
28144,Student 84
28137,Student 85
26144,Student 86
24194,Student 87
27842,Student 88
